{"cameraMode":{"drawMode":0,"name":"Shaded","section":"Shading Mode"},"sceneLighting":true,"audioPlay":false,"sceneViewState":{"m_AlwaysRefresh":false,"showFog":true,"showSkybox":true,"showFlares":true,"showImageEffects":true,"showParticleSystems":true,"showVisualEffectGraphs":true,"m_FxEnabled":true},"in2DMode":false,"pivot":{"x":3.0403964519500734,"y":2.3889989852905275,"z":-2.4976792335510256},"rotation":{"x":0.3062271773815155,"y":-0.2534087896347046,"z":0.08496340364217758,"w":0.9136940240859985},"size":2.6709702014923097,"orthographic":false}