{"cameraMode":{"drawMode":0,"name":"Shaded","section":"Shading Mode"},"sceneLighting":true,"audioPlay":false,"sceneViewState":{"m_AlwaysRefresh":false,"showFog":true,"showSkybox":true,"showFlares":true,"showImageEffects":true,"showParticleSystems":true,"showVisualEffectGraphs":true,"m_FxEnabled":true},"in2DMode":false,"pivot":{"x":-1.0364887714385987,"y":15.69880485534668,"z":-8.786576271057129},"rotation":{"x":0.5051153898239136,"y":0.025352919474244119,"z":-0.014844999648630619,"w":0.8625344634056091},"size":0.8660253882408142,"orthographic":false}